project_name,file_id,file_path,old_commit,new_commit
hazelcast,1120782,modulepath-tests/src/main/java/module-info.java,5e0bdbc10a48eb8df1ee5b87acaf1fe3f3260ad9,d8ae0f7e09b5902a35616ee29bc5d1eb006bdb55
hazelcast,1124815,modulepath-tests/src/main/java/module-info.java,ebb435321a369b30775f2181f9ade956181e24a2,ad60a70298462637877ccc8b6f410cfc6f43224d
hazelcast,1128810,modulepath-tests/src/main/java/module-info.java,9a766c1d666bc2ea547d8eec94fc4e6cc1d41677,ebb435321a369b30775f2181f9ade956181e24a2
hazelcast,1132861,modulepath-tests/src/main/java/module-info.java,c6c8df11d6b7cbdd3687c30af782a9e6676b4414,7e284d474a2a742f3a02bb5191ebad011c110a22
hazelcast,1140873,modulepath-tests/src/main/java/module-info.java,4332db1e0884bdf5f3b08fc402dc0d61f1073662,77e50d422d2e2e3c8eb896b8b1b469206bad611a
hazelcast,1144873,modulepath-tests/src/main/java/module-info.java,d6adb7e6109225e556ff8ade40e9d5a607d7c506,88fb68df815367d95da48f07d55b4703245ea880
hazelcast,1148873,modulepath-tests/src/main/java/module-info.java,a2e547c87de2fc848de5e792de58cb3d4fede251,40cadaef1f4e944d17f77a220704e964c9af6351
hazelcast,1393134,modulepath-tests/src/main/java/module-info.java,1e43f2ee8b6cd2f22feab4bdf2c3bd7dcdd85d52,bdaaee7472a3977eb835f5962ada3ba75f9ebed1
hazelcast,1397131,modulepath-tests/src/main/java/module-info.java,c3b558e4254f4a190981ae6f1fa513fca2115828,1e43f2ee8b6cd2f22feab4bdf2c3bd7dcdd85d52
hazelcast,1402171,modulepath-tests/src/main/java/module-info.java,6501738114c4d802861958c0c63d5289550629fd,17348ed310d581f02b850c00dc600b3d05932e11
hazelcast,1406211,modulepath-tests/src/main/java/module-info.java,97c20eacdca0a3b1aff30643bf238b03e030c322,6501738114c4d802861958c0c63d5289550629fd
hazelcast,1410256,modulepath-tests/src/main/java/module-info.java,f50ffc2f833fe1f82e6ac3068a7dd2c5af1d591b,6caf9d971bfd380e2214952ec93b0c436780552f
hazelcast,1414296,modulepath-tests/src/main/java/module-info.java,2d60e1defb8e8b567a6d25084281b0310fcee180,f50ffc2f833fe1f82e6ac3068a7dd2c5af1d591b
hazelcast,1418340,modulepath-tests/src/main/java/module-info.java,e3deee49ba5c258dd25b7be0e7c9ae0ca6101a31,c01090b6d73a8d48b260b4337c9fa5dce1eb52cb
hazelcast,1422380,modulepath-tests/src/main/java/module-info.java,9c0bdab22ea69f8e570e5cf1d137f5b77450df11,e3deee49ba5c258dd25b7be0e7c9ae0ca6101a31
hazelcast,1426420,modulepath-tests/src/main/java/module-info.java,d062477f80d90191f91b9b929e3d0e4f2aced65b,9c0bdab22ea69f8e570e5cf1d137f5b77450df11
hazelcast,1430639,modulepath-tests/src/main/java/module-info.java,8975aee892517376f101bbee2931cdfc69206e0b,9e333aabc9984d42c8667fd6cc19dcad22e36423
hazelcast,1435025,modulepath-tests/src/main/java/module-info.java,2baacb1ddfb7f917189961f1c5db9481800e304d,2d65605b576794aa5d612a707ee75c75f4e762b5
hazelcast,1443099,modulepath-tests/src/main/java/module-info.java,7d8893ec8ebcb9683d48fab5ea180bd8371cfb3d,23900ab9f9dee80250268bc6f0c4199f54942bba
hazelcast,1447135,modulepath-tests/src/main/java/module-info.java,3e04118e9ea72669289b7c0aa26bef5681b6827f,7d8893ec8ebcb9683d48fab5ea180bd8371cfb3d
hazelcast,1451171,modulepath-tests/src/main/java/module-info.java,525cf8a33e9d9ccb627f61454d54a84818e44c0e,3e04118e9ea72669289b7c0aa26bef5681b6827f
hazelcast,4825884,hazelcast/src/main/java/com/hazelcast/map/client/MapClearRequest.java,35ae055794f875bdf3f4e54605ee1ca4daac028a,ae8b268527db43dd469c6f6c89ff9f95f0f6aaf8
hazelcast,4825888,hazelcast/src/main/java/com/hazelcast/map/client/MapClearRequest.java,6cc5293953434eea06cf373ab46ff49fd6c2a4a3,4741fe28f237cec8d38f687d5a3eb1fc5b179706
